aclau101 	alex.lau@ubc.ca 	true
adelaro8 	adelaro8@mail.ubc.ca 	true
ajkrause 	aj.krause@ubc.ca 	true
alimopal 	unreal@ubc.ca 	false
allanlee 	allan.lee@ubc.ca 	true
ambrosey 		true
amyloo 	amy.loo@ubc.ca 	true
andburke 	andrea.elliott@ubc.ca 	true
andrelei 	andrelei@mail.ubc.ca 	true
annasedo 	anna.sedo@ubc.ca 	true
annemarg 	margaret@finance.ubc.ca 	true
arida 	andrew.arida@ubc.ca 	true
ashleyel 	ashley.elchuk@ubc.ca 	true
asiasund 	unreal@ubc.ca 	false
astaplet 	ashley.stapleton@ubc.ca 	true
athiesse 	mandy.thiessen@ubc.ca 	true
austin13 	nicola.austin@ubc.ca 	true
awang89 	unreal@ubc.ca 	false
azahid 	asima.zahid@ubc.ca 	true
baileymh 	maureen.bailey@ubc.ca 	true
bar555 	bernadette.armour@ubc.ca 	true
bastien7 	claudia.bastien@ubc.ca 	true
bhatti20 		true
bledward 	blake.edwards@ubc.ca 	true
boileaus 	Sean.Boileau@ubc.ca 	true
brisim 	briana.sim@ubc.ca 	false
bteghtso 	brian.teghtsoonian@ubc.ca 	true
bthirlwe 	barbara.thirlwell@ubc.ca 	true
byearwoo 	barbara.yearwood@ubc.ca 	false
camillah 	camillah@mail.ubc.ca 	true
camillej 	camille.johnson@ubc.ca 	true
canaylor 	carol.naylor@ubc.ca 	false
cara3 	cara.low@ubc.ca 	true
cassie93 	cassie.dominic@ubc.ca 	true
cbronger 	cbronger@mail.ubc.ca 	true
ccelenk 	ccelenk@mail.ubc.ca 	true
cdasilva 	carla.hodal@ubc.ca 	true
ceaton 	ceaton@mail.ubc.ca 	true
celiar 	celia.reimer@ubc.ca 	true
cgood 	colin.good@ubc.ca 	true
chengmag 	maggie.wang@ubc.ca 	true
chloeerl 	chloe.erlendson@ubc.ca 	true
cicychan 	cicy.guimond@ubc.ca 	true
citong 	cindy.tong@ubc.ca 	true
cjasmeet 	jasmeet.chahal@ubc.ca 	false
cjtyler 	cheryl.tyler@ubc.ca 	true
clark17 	clark17@mail.ubc.ca 	true
clee1488 	clarissa.lee@ubc.ca 	true
clementy 	clementy@mail.ubc.ca 	true
cnahm 	nahm@science.ubc.ca 	true
cnmesina 	cherry.mesina@ubc.ca 	true
cobyleet 	coby.thurmeier@ubc.ca 	true
comooney 	Colleen.Mooney@ubc.ca 	true
cousey 	test@test.ubc.ca 	false
cvial 	Claire.Vial@ubc.ca 	true
cvttkwan 	chloe.kwan@ubc.ca 	true
daria13 	daria.patrusheva@ubc.ca 	true
dawson19 		true
dcoronel 	dyan.coronel@ubc.ca 	false
ddyrdal 	diane.dyrdal@ubc.ca 	true
debik 	debbie.krietz@ubc.ca 	true
deblin 	debbie.lin@ubc.ca 	true
debs_oon 	debbie.oon@ubc.ca 	true
dewolfe 	anne.dewolfe@ubc.ca 	false
dfernand 	darran.fernandez@ubc.ca 	true
dh2011 	summer.dong@ubc.ca 	true
diamacbr 	diane.macbride@ubc.ca 	true
dimhle 	julia.choi@ubc.ca 	true
doddsant 	Anthony.Dodds@ubc.ca 	true
dorelock 	doreen.lange@ubc.ca 	true
draget 	tara.drage@ubc.ca 	true
dropolam 		true
dsenay 	drew.senay@ubc.ca 	true
dubecjos 	joseph.dubec@ubc.ca 	true
dukeindr 	dukeindr@mail.ubc.ca 	true
ebedard 	erin.bedard@ubc.ca 	false
edenia 	edenia.lai@ubc.ca 	true
effyk 	effy.katahan@ubc.ca 	true
einnaz 	test@test.ubc.ca 	false
eleni_k 	eleni.korres@ubc.ca 	true
ellala 	ella.hipolito@ubc.ca 	true
erinsh05 	erin.shannon@ubc.ca 	true
eshimizu 	erica.shimizu@ubc.ca 	true
esther19 	esther.lai@ubc.ca 	true
faulkn2 		true
fohwen 	test@test.ubc.ca 	false
frishta 	frishta.safi@ubc.ca 	true
ftvogt 	fred.vogt@ubc.ca 	true
gower83 	megan.gower@ubc.ca 	true
guzmana 	alberto.guzman@ubc.ca 	true
hagertyl 	liz.hagerty@ubc.ca 	false
halalea5 	hala.nugent@ubc.ca 	true
hallam7 	linda.hallam@ubc.ca 	true
hallisey 	kathryn.hallisey@ubc.ca 	true
hannabus 	fran.hannabuss@ubc.ca 	true
hcwhite 	houston.white@ubc.ca 	false
heathe 	heather.mitchell@ubc.ca 	true
hjohal01 	harb.johal@ubc.ca 	true
hollyma 	holly.ma@ubc.ca 	true
hpetrysh 	halyna.petryshyn@ubc.ca 	true
hungmai 	hung.mai@ubc.ca 	true
inesb 	ines.belic@ubc.ca 	true
ivyyhko 		true
janeena 	janeen.alliston@ubc.ca 	true
janeyo 	jane.m.young@ubc.ca 	true
jaygraha 	jay.graham@ubc.ca 	true
jbi 	jessica.iverson@ubc.ca 	true
jchakml 		true
jchsiao 	jeff.hsiao@ubc.ca 	true
jdbryant 	john.bryant@ubc.ca 	true
jencain 	jennifer.cain@ubc.ca 	true
jenchin 	jennifer.chin@ubc.ca 	true
jenfinl 	jennifer.finley@ubc.ca 	true
jenkerr 	jennifer.kerr@ubc.ca 	true
jessa2 	jessa2@mail.ubc.ca 	true
jessikab 	jessika.baroi@ubc.ca 	true
jhum 	jeff.hum@ubc.ca 	true
jin8699 	jin.lee@ubc.ca 	true
jkobylka 	joel.kobylka@ubc.ca 	true
jkshum 	jkshum@mail.ubc.ca 	true
jkwokb 	jason.kwok@ubc.ca 	true
jlai 	joanne.lai@ubc.ca 	true
jlee 	jeanne.lee@ubc.ca 	true
jlwalker 	jennylee.walker@ubc.ca 	true
jmcairns 	jeaninne.cairns@ubc.ca 	true
jmcguiga 	jmcguiga@mail.ubc.ca 	true
jnicole 	julie.foran@ubc.ca 	true
joludlow 	joanna.ludlow@ubc.ca 	true
jordclee 	Jordan.Lee@ubc.ca 	true
josrober 	josrober@mail.ubc.ca 	true
jszemanl 	jackie.leung@ubc.ca 	true
julis 	julia.shen@ubc.ca 	true
karmyn7 	karmyn.ayn@ubc.ca 	true
katleib 		true
kaveel22 	kaveel.singh@ubc.ca 	true
kdecle 	kirsten.graham@ubc.ca 	true
kellysl 	test@test.ubc.ca 	false
kevinday 	unreal@ubc.ca 	false
khearne 	kirsten.hearne@ubc.ca 	true
khebert 	kaycie.hebert@ubc.ca 	false
kma1991 		true
knaylor 	katie.naylor@ubc.ca 	true
kristenl 	kristen.harvey@ubc.ca 	true
ksamnani 		true
kthiesse 	kathryn.thiessen@ubc.ca 	true
kymcc 	kyle.mccleery@ubc.ca 	true
lasalaza 		true
laurann 	laura.dyck@ubc.ca 	false
laurelo 	Laurel.Osborne@ubc.ca 	true
lbeaulac 	laura.beaulac@ubc.ca 	true
leaisaak 	leanne.isaak@ubc.ca 	true
leavitt1 	brian.leavitt@ubc.ca 	true
lee122 	linda.lee@ubc.ca 	true
leetai 	leetai@mail.ubc.ca 	true
leungbon 	bonnie.leung@ubc.ca 	false
lhleung 	liana.leung@ubc.ca 	true
liewa 	alan.liew@ubc.ca 	true
lipovsk 	lindsey.kovacevic@ubc.ca 	true
lisacoll 	lisa.collins@ubc.ca 	false
lovigj 	lovigj@mail.ubc.ca 	true
lsmall22 	Lauren.Small@ubc.ca 	true
lvilla 	lvilla@mail.ubc.ca 	false
lydich 	ly.dich@ubc.ca 	true
macmils 	deactivated@abc.def 	false
mamarila 	angelica.mamaril@ubc.ca 	true
mannella 	maria.mannella@ubc.ca 	true
marcelah 	marcela.hernandez@ubc.ca 	true
marcyc 		true
markcj7 	mark.johnston@ubc.ca 	false
mattish 	matthew.isherwood@ubc.ca 	false
maxmitch 	max.mitchell@ubc.ca 	true
mbaldeh 	mariam.baldeh@ubc.ca 	true
mbecir 	mike.becir@ubc.ca 	true
megsalis 	test@test.ubc.ca 	false
meikat 	meika.taylor@ubc.ca 	true
mhartley 	maggie.hartley@ubc.ca 	true
midavis 	michelle.davis@ubc.ca 	true
min777 	min777@mail.ubc.ca 	true
mirzab 	bushra.mirza@ubc.ca 	true
mkeberle 	marissa.eberle@ubc.ca 	true
mks 	manjinder.sidhu@ubc.ca 	true
mkuipers 	melissa.kuipers@ubc.ca 	true
mkwatson 	marshall.watson@ubc.ca 	true
mlchow 	maylee.chow@ubc.ca 	true
mmajeran 	michelle.majeran@ubc.ca 	true
mmalczyn 		true
mollylew 	Molly.Lewis@ubc.ca 	false
msridkm6 	msridkm6@mail.ubc.ca 	true
mudie 	mudie@mail.ubc.ca 	true
muellerf 	frank.mueller@ubc.ca 	true
murphy38 	lorraine.murphy@ubc.ca 	true
mzwen 	frank.wen@ubc.ca 	true
nadams 	nancy.adams@ubc.ca 	true
nadine6 	nadine.hensley@ubc.ca 	true
nanlow 	nancy.low@ubc.ca 	true
nbaker13 	nikki.baker@ubc.ca 	true
nhargott 	natalie.hargott@ubc.ca 	true
nickpali 	nick.palidwor@ubc.ca 	false
nickyee 	nick.yee@ubc.ca 	true
nicolem 	nicole.mcdonald@ubc.ca 	true
nnagel 	nicole.nagel@ubc.ca 	true
nsandvos 	Nancy.Sandvoss@ubc.ca 	true
odobai 	odobai@mail.ubc.ca 	false
oldfords 	oldfords@mail.ubc.ca 	true
oliviau 	olivia.urbano@ubc.ca 	true
paola 	paola.baca@ubc.ca 	true
pchung03 	phoenix.chung@ubc.ca 	true
peach66 	weiji.lu@ubc.ca 	true
pgormley 	pia.gormley@ubc.ca 	true
plopez20 	Priyanka.Lopez@ubc.ca 	true
poole 	poole@mail.ubc.ca 	true
price5 	scottford.price@ubc.ca 	true
psade 	parasto.sadeghi@ubc.ca 	true
quinns 	steph.snow@ubc.ca 	true
ramsays 	stephen.ramsay@ubc.ca 	false
rawu 	rachel.wu@ubc.ca 	true
reaper7 	rachel.sim@ubc.ca 	false
rebeca 	rebeca@mail.ubc.ca 	true
redillas 	arthur.redillas@ubc.ca 	true
reimerd 	don.reimer@ubc.ca 	true
rho4 	richard.ho@ubc.ca 	true
rianaa 		true
richd 	richard.arnold@ubc.ca 	true
rkaan 	raymond.kaan@ubc.ca 	true
ro93 	ro93@mail.ubc.ca 	true
rohmakn 	rohma.nawaz@ubc.ca 	true
rooke 	brenda.rooke@ubc.ca 	true
rpouliot 	rebecca.pouliot@ubc.ca 	true
samss 	sam.saini@ubc.ca 	true
sbuendia 	selene.buendia@ubc.ca 	true
scavali1 	shaun.cavaliere@ubc.ca 	true
schatzjm 	jonathan.schatz@ubc.ca 	false
shashaw 	shasha.wang@ubc.ca 	true
shaun28 	shaun.shan@ubc.ca 	true
shunki 	jenny.li@ubc.ca 	true
sicolik 	kimberly.sicoli@ubc.ca 	true
sine 	sine@mail.ubc.ca 	true
sita 	sita.macmillan@ubc.ca 	false
sjia01 	shari.jia@ubc.ca 	true
sps 	unreal@ubc.ca 	false
sstellay 	stella.yeung@ubc.ca 	false
steph516 	Stephanie.Boudreau@ubc.ca 	true
sunnysan 	sunny.sandhu@ubc.ca 	true
susanm 	susan.mah@ubc.ca 	true
tazimd 	tazim.dharamsi@ubc.ca 	false
tcoules 	thomas.coules@ubc.ca 	true
tdorothy 	dorothy.tran@ubc.ca 	true
tehmimo 	mimi.yu@ubc.ca 	true
teresats 	teresa.tsang@ubc.ca 	true
thomso3 	leslie.thomson@ubc.ca 	false
tjason 	jason.tang@ubc.ca 	true
tkershaw 	terra.kershaw@ubc.ca 	true
tnatalie 	natalie.tole@ubc.ca 	true
triggse 	erica.triggs@ubc.ca 	true
tuden 	tam.uden@ubc.ca 	true
turganor 	rex.turgano@ubc.ca 	false
tvverigi 	terri.verigin@ubc.ca 	true
verinaz 	verina.zhang@ubc.ca 	true
vicki8 	vicki.jung@ubc.ca 	true
wchiehyu 	cherry.wang@ubc.ca 	true
werther 	werther@mail.ubc.ca 	true
willia3 	willia3@mail.ubc.ca 	true
winniep 	winnie.ng@ubc.ca 	true
xminus1 	xminus1@mail.ubc.ca 	true
yimannie 	annie.yim@ubc.ca 	true
yubail 	yubai.liu@ubc.ca 	true
zhang36 	seena.zhang@ubc.ca 	true